usage,file_path,true_label,votes_percentage,coded_true_label,clusters_eps_0.03
Training,/gpfs0/bgu-vilenchi/users/sdolev/Thesis/VLMs/data/fer2013/Training/sad/sad_Training_2514.png,sad,1.0,4,232
Training,/gpfs0/bgu-vilenchi/users/sdolev/Thesis/VLMs/data/fer2013/Training/sad/sad_Training_3075.png,sad,0.8,4,274
Training,/gpfs0/bgu-vilenchi/users/sdolev/Thesis/VLMs/data/fer2013/Training/fear/fear_Training_3432.png,sad,0.9,4,306
Training,/gpfs0/bgu-vilenchi/users/sdolev/Thesis/VLMs/data/fer2013/Training/fear/fear_Training_28204.png,sad,0.9,4,352
Training,/gpfs0/bgu-vilenchi/users/sdolev/Thesis/VLMs/data/fer2013/Training/happy/happy_Training_6320.png,happy,1.0,3,514
Training,/gpfs0/bgu-vilenchi/users/sdolev/Thesis/VLMs/data/fer2013/Training/fear/fear_Training_15343.png,neutral,1.0,6,631
Training,/gpfs0/bgu-vilenchi/users/sdolev/Thesis/VLMs/data/fer2013/Training/fear/fear_Training_8503.png,sad,0.9,4,656
Training,/gpfs0/bgu-vilenchi/users/sdolev/Thesis/VLMs/data/fer2013/Training/happy/happy_Training_16423.png,happy,1.0,3,1004
Training,/gpfs0/bgu-vilenchi/users/sdolev/Thesis/VLMs/data/fer2013/Training/surprise/surprise_Training_17317.png,surprise,0.8,5,1034
Training,/gpfs0/bgu-vilenchi/users/sdolev/Thesis/VLMs/data/fer2013/Training/surprise/surprise_Training_18521.png,surprise,1.0,5,1080
Training,/gpfs0/bgu-vilenchi/users/sdolev/Thesis/VLMs/data/fer2013/Training/happy/happy_Training_19352.png,happy,1.0,3,1106
PrivateTest,/gpfs0/bgu-vilenchi/users/sdolev/Thesis/VLMs/data/fer2013/PrivateTest/fear/fear_PrivateTest_32461.png,surprise,1.0,5,1161
PrivateTest,/gpfs0/bgu-vilenchi/users/sdolev/Thesis/VLMs/data/fer2013/PrivateTest/surprise/surprise_PrivateTest_35513.png,surprise,0.9,5,1187
Training,/gpfs0/bgu-vilenchi/users/sdolev/Thesis/VLMs/data/fer2013/Training/surprise/surprise_Training_24127.png,surprise,1.0,5,1233
Training,/gpfs0/bgu-vilenchi/users/sdolev/Thesis/VLMs/data/fer2013/Training/happy/happy_Training_25194.png,happy,1.0,3,1256
Training,/gpfs0/bgu-vilenchi/users/sdolev/Thesis/VLMs/data/fer2013/Training/angry/angry_Training_26956.png,angry,0.9,0,1284
Training,/gpfs0/bgu-vilenchi/users/sdolev/Thesis/VLMs/data/fer2013/Training/sad/sad_Training_28143.png,sad,0.9,4,1306
PrivateTest,/gpfs0/bgu-vilenchi/users/sdolev/Thesis/VLMs/data/fer2013/PrivateTest/surprise/surprise_PrivateTest_35036.png,surprise,1.0,5,1357
Training,/gpfs0/bgu-vilenchi/users/sdolev/Thesis/VLMs/data/fer2013/Training/sad/sad_Training_115.png,sad,0.8,4,-1
Training,/gpfs0/bgu-vilenchi/users/sdolev/Thesis/VLMs/data/fer2013/Training/happy/happy_Training_182.png,happy,1.0,3,-1
Training,/gpfs0/bgu-vilenchi/users/sdolev/Thesis/VLMs/data/fer2013/Training/surprise/surprise_Training_471.png,surprise,0.8,5,-1
Training,/gpfs0/bgu-vilenchi/users/sdolev/Thesis/VLMs/data/fer2013/Training/surprise/surprise_Training_692.png,surprise,1.0,5,-1
Training,/gpfs0/bgu-vilenchi/users/sdolev/Thesis/VLMs/data/fer2013/Training/sad/sad_Training_1138.png,sad,0.9,4,-1
Training,/gpfs0/bgu-vilenchi/users/sdolev/Thesis/VLMs/data/fer2013/Training/happy/happy_Training_1187.png,happy,1.0,3,-1
Training,/gpfs0/bgu-vilenchi/users/sdolev/Thesis/VLMs/data/fer2013/Training/happy/happy_Training_1272.png,happy,1.0,3,-1
Training,/gpfs0/bgu-vilenchi/users/sdolev/Thesis/VLMs/data/fer2013/Training/sad/sad_Training_1364.png,sad,0.8,4,-1
Training,/gpfs0/bgu-vilenchi/users/sdolev/Thesis/VLMs/data/fer2013/Training/fear/fear_Training_2057.png,neutral,0.9,6,-1
Training,/gpfs0/bgu-vilenchi/users/sdolev/Thesis/VLMs/data/fer2013/Training/happy/happy_Training_2152.png,happy,1.0,3,-1
Training,/gpfs0/bgu-vilenchi/users/sdolev/Thesis/VLMs/data/fer2013/Training/fear/fear_Training_2217.png,sad,0.8,4,-1
Training,/gpfs0/bgu-vilenchi/users/sdolev/Thesis/VLMs/data/fer2013/Training/sad/sad_Training_2569.png,sad,0.8,4,-1
Training,/gpfs0/bgu-vilenchi/users/sdolev/Thesis/VLMs/data/fer2013/Training/sad/sad_Training_3143.png,sad,0.8,4,-1
Training,/gpfs0/bgu-vilenchi/users/sdolev/Thesis/VLMs/data/fer2013/Training/sad/sad_Training_3154.png,neutral,0.8,6,-1
Training,/gpfs0/bgu-vilenchi/users/sdolev/Thesis/VLMs/data/fer2013/Training/happy/happy_Training_3318.png,happy,0.9,3,-1
Training,/gpfs0/bgu-vilenchi/users/sdolev/Thesis/VLMs/data/fer2013/Training/angry/angry_Training_3320.png,angry,0.9,0,-1
Training,/gpfs0/bgu-vilenchi/users/sdolev/Thesis/VLMs/data/fer2013/Training/fear/fear_Training_3565.png,angry,0.9,0,-1
Training,/gpfs0/bgu-vilenchi/users/sdolev/Thesis/VLMs/data/fer2013/Training/neutral/neutral_Training_3696.png,neutral,0.8,6,-1
Training,/gpfs0/bgu-vilenchi/users/sdolev/Thesis/VLMs/data/fer2013/Training/sad/sad_Training_4141.png,sad,0.8,4,-1
Training,/gpfs0/bgu-vilenchi/users/sdolev/Thesis/VLMs/data/fer2013/Training/surprise/surprise_Training_4352.png,sad,0.8,4,-1
Training,/gpfs0/bgu-vilenchi/users/sdolev/Thesis/VLMs/data/fer2013/Training/happy/happy_Training_4358.png,happy,1.0,3,-1
Training,/gpfs0/bgu-vilenchi/users/sdolev/Thesis/VLMs/data/fer2013/Training/happy/happy_Training_4472.png,happy,0.9,3,-1
Training,/gpfs0/bgu-vilenchi/users/sdolev/Thesis/VLMs/data/fer2013/Training/sad/sad_Training_4510.png,sad,1.0,4,-1
Training,/gpfs0/bgu-vilenchi/users/sdolev/Thesis/VLMs/data/fer2013/Training/sad/sad_Training_4684.png,sad,0.8,4,-1
Training,/gpfs0/bgu-vilenchi/users/sdolev/Thesis/VLMs/data/fer2013/Training/sad/sad_Training_4811.png,sad,0.8,4,-1
Training,/gpfs0/bgu-vilenchi/users/sdolev/Thesis/VLMs/data/fer2013/Training/happy/happy_Training_5081.png,happy,0.9,3,-1
Training,/gpfs0/bgu-vilenchi/users/sdolev/Thesis/VLMs/data/fer2013/Training/angry/angry_Training_5140.png,angry,0.8,0,-1
Training,/gpfs0/bgu-vilenchi/users/sdolev/Thesis/VLMs/data/fer2013/Training/fear/fear_Training_5274.png,neutral,0.9,6,-1
Training,/gpfs0/bgu-vilenchi/users/sdolev/Thesis/VLMs/data/fer2013/Training/happy/happy_Training_5293.png,happy,1.0,3,-1
Training,/gpfs0/bgu-vilenchi/users/sdolev/Thesis/VLMs/data/fer2013/Training/fear/fear_Training_5327.png,neutral,0.8,6,-1
Training,/gpfs0/bgu-vilenchi/users/sdolev/Thesis/VLMs/data/fer2013/Training/fear/fear_Training_5389.png,neutral,0.9,6,-1
Training,/gpfs0/bgu-vilenchi/users/sdolev/Thesis/VLMs/data/fer2013/Training/happy/happy_Training_5786.png,happy,1.0,3,-1
Training,/gpfs0/bgu-vilenchi/users/sdolev/Thesis/VLMs/data/fer2013/Training/fear/fear_Training_5802.png,sad,0.9,4,-1
Training,/gpfs0/bgu-vilenchi/users/sdolev/Thesis/VLMs/data/fer2013/Training/neutral/neutral_Training_5864.png,neutral,1.0,6,-1
Training,/gpfs0/bgu-vilenchi/users/sdolev/Thesis/VLMs/data/fer2013/Training/happy/happy_Training_6132.png,happy,1.0,3,-1
Training,/gpfs0/bgu-vilenchi/users/sdolev/Thesis/VLMs/data/fer2013/Training/surprise/surprise_Training_6267.png,surprise,0.8,5,-1
Training,/gpfs0/bgu-vilenchi/users/sdolev/Thesis/VLMs/data/fer2013/Training/surprise/surprise_Training_6309.png,surprise,0.9,5,-1
Training,/gpfs0/bgu-vilenchi/users/sdolev/Thesis/VLMs/data/fer2013/Training/angry/angry_Training_6424.png,angry,0.8,0,-1
Training,/gpfs0/bgu-vilenchi/users/sdolev/Thesis/VLMs/data/fer2013/Training/angry/angry_Training_6426.png,angry,0.8,0,-1
Training,/gpfs0/bgu-vilenchi/users/sdolev/Thesis/VLMs/data/fer2013/Training/sad/sad_Training_7039.png,sad,1.0,4,-1
Training,/gpfs0/bgu-vilenchi/users/sdolev/Thesis/VLMs/data/fer2013/Training/sad/sad_Training_7359.png,sad,0.8,4,-1
Training,/gpfs0/bgu-vilenchi/users/sdolev/Thesis/VLMs/data/fer2013/Training/happy/happy_Training_7499.png,happy,0.9,3,-1
Training,/gpfs0/bgu-vilenchi/users/sdolev/Thesis/VLMs/data/fer2013/Training/neutral/neutral_Training_7528.png,neutral,0.8,6,-1
Training,/gpfs0/bgu-vilenchi/users/sdolev/Thesis/VLMs/data/fer2013/Training/happy/happy_Training_7715.png,happy,1.0,3,-1
Training,/gpfs0/bgu-vilenchi/users/sdolev/Thesis/VLMs/data/fer2013/Training/neutral/neutral_Training_7758.png,neutral,0.8,6,-1
Training,/gpfs0/bgu-vilenchi/users/sdolev/Thesis/VLMs/data/fer2013/Training/surprise/surprise_Training_7810.png,surprise,0.9,5,-1
Training,/gpfs0/bgu-vilenchi/users/sdolev/Thesis/VLMs/data/fer2013/Training/sad/sad_Training_8028.png,sad,0.8,4,-1
Training,/gpfs0/bgu-vilenchi/users/sdolev/Thesis/VLMs/data/fer2013/Training/sad/sad_Training_8046.png,sad,0.8,4,-1
Training,/gpfs0/bgu-vilenchi/users/sdolev/Thesis/VLMs/data/fer2013/Training/happy/happy_Training_8540.png,happy,0.9,3,-1
Training,/gpfs0/bgu-vilenchi/users/sdolev/Thesis/VLMs/data/fer2013/Training/disgust/disgust_Training_8877.png,angry,0.9,0,-1
Training,/gpfs0/bgu-vilenchi/users/sdolev/Thesis/VLMs/data/fer2013/Training/angry/angry_Training_9030.png,angry,0.8,0,-1
Training,/gpfs0/bgu-vilenchi/users/sdolev/Thesis/VLMs/data/fer2013/Training/happy/happy_Training_9070.png,happy,1.0,3,-1
Training,/gpfs0/bgu-vilenchi/users/sdolev/Thesis/VLMs/data/fer2013/Training/fear/fear_Training_9515.png,sad,0.8,4,-1
Training,/gpfs0/bgu-vilenchi/users/sdolev/Thesis/VLMs/data/fer2013/Training/happy/happy_Training_9594.png,happy,1.0,3,-1
Training,/gpfs0/bgu-vilenchi/users/sdolev/Thesis/VLMs/data/fer2013/Training/happy/happy_Training_9708.png,happy,0.8,3,1
Training,/gpfs0/bgu-vilenchi/users/sdolev/Thesis/VLMs/data/fer2013/Training/happy/happy_Training_9825.png,happy,1.0,3,-1
Training,/gpfs0/bgu-vilenchi/users/sdolev/Thesis/VLMs/data/fer2013/Training/sad/sad_Training_10031.png,sad,0.9,4,-1
Training,/gpfs0/bgu-vilenchi/users/sdolev/Thesis/VLMs/data/fer2013/Training/sad/sad_Training_10073.png,neutral,0.8,6,-1
Training,/gpfs0/bgu-vilenchi/users/sdolev/Thesis/VLMs/data/fer2013/Training/sad/sad_Training_10188.png,sad,0.8,4,-1
Training,/gpfs0/bgu-vilenchi/users/sdolev/Thesis/VLMs/data/fer2013/Training/happy/happy_Training_10224.png,happy,1.0,3,-1
Training,/gpfs0/bgu-vilenchi/users/sdolev/Thesis/VLMs/data/fer2013/Training/happy/happy_Training_10456.png,neutral,0.9,6,-1
Training,/gpfs0/bgu-vilenchi/users/sdolev/Thesis/VLMs/data/fer2013/Training/fear/fear_Training_10633.png,surprise,0.9,5,-1
Training,/gpfs0/bgu-vilenchi/users/sdolev/Thesis/VLMs/data/fer2013/Training/neutral/neutral_Training_10775.png,neutral,0.9,6,-1
Training,/gpfs0/bgu-vilenchi/users/sdolev/Thesis/VLMs/data/fer2013/Training/angry/angry_Training_10925.png,angry,1.0,0,-1
Training,/gpfs0/bgu-vilenchi/users/sdolev/Thesis/VLMs/data/fer2013/Training/angry/angry_Training_11093.png,sad,0.9,4,-1
Training,/gpfs0/bgu-vilenchi/users/sdolev/Thesis/VLMs/data/fer2013/Training/fear/fear_Training_11262.png,sad,0.8,4,-1
Training,/gpfs0/bgu-vilenchi/users/sdolev/Thesis/VLMs/data/fer2013/Training/neutral/neutral_Training_11505.png,neutral,0.9,6,-1
Training,/gpfs0/bgu-vilenchi/users/sdolev/Thesis/VLMs/data/fer2013/Training/happy/happy_Training_12111.png,happy,1.0,3,-1
Training,/gpfs0/bgu-vilenchi/users/sdolev/Thesis/VLMs/data/fer2013/Training/neutral/neutral_Training_12866.png,neutral,0.8,6,-1
Training,/gpfs0/bgu-vilenchi/users/sdolev/Thesis/VLMs/data/fer2013/Training/surprise/surprise_Training_13173.png,surprise,1.0,5,7
Training,/gpfs0/bgu-vilenchi/users/sdolev/Thesis/VLMs/data/fer2013/Training/surprise/surprise_Training_13189.png,surprise,0.9,5,-1
Training,/gpfs0/bgu-vilenchi/users/sdolev/Thesis/VLMs/data/fer2013/Training/sad/sad_Training_13390.png,sad,0.8,4,-1
Training,/gpfs0/bgu-vilenchi/users/sdolev/Thesis/VLMs/data/fer2013/Training/neutral/neutral_Training_14607.png,neutral,0.8,6,-1
Training,/gpfs0/bgu-vilenchi/users/sdolev/Thesis/VLMs/data/fer2013/Training/sad/sad_Training_14656.png,sad,0.9,4,-1
Training,/gpfs0/bgu-vilenchi/users/sdolev/Thesis/VLMs/data/fer2013/Training/fear/fear_Training_14862.png,sad,0.8,4,-1
Training,/gpfs0/bgu-vilenchi/users/sdolev/Thesis/VLMs/data/fer2013/Training/happy/happy_Training_14889.png,happy,0.9,3,1
Training,/gpfs0/bgu-vilenchi/users/sdolev/Thesis/VLMs/data/fer2013/Training/happy/happy_Training_14932.png,happy,1.0,3,-1
Training,/gpfs0/bgu-vilenchi/users/sdolev/Thesis/VLMs/data/fer2013/Training/happy/happy_Training_15051.png,happy,0.8,3,-1
Training,/gpfs0/bgu-vilenchi/users/sdolev/Thesis/VLMs/data/fer2013/Training/happy/happy_Training_15058.png,happy,1.0,3,1
Training,/gpfs0/bgu-vilenchi/users/sdolev/Thesis/VLMs/data/fer2013/Training/surprise/surprise_Training_15130.png,surprise,1.0,5,-1
Training,/gpfs0/bgu-vilenchi/users/sdolev/Thesis/VLMs/data/fer2013/Training/happy/happy_Training_15154.png,happy,0.9,3,-1
Training,/gpfs0/bgu-vilenchi/users/sdolev/Thesis/VLMs/data/fer2013/Training/happy/happy_Training_15927.png,happy,1.0,3,-1
Training,/gpfs0/bgu-vilenchi/users/sdolev/Thesis/VLMs/data/fer2013/Training/sad/sad_Training_15929.png,sad,1.0,4,-1
Training,/gpfs0/bgu-vilenchi/users/sdolev/Thesis/VLMs/data/fer2013/Training/sad/sad_Training_16195.png,sad,0.8,4,-1
Training,/gpfs0/bgu-vilenchi/users/sdolev/Thesis/VLMs/data/fer2013/Training/surprise/surprise_Training_16646.png,surprise,1.0,5,-1
Training,/gpfs0/bgu-vilenchi/users/sdolev/Thesis/VLMs/data/fer2013/Training/surprise/surprise_Training_17135.png,surprise,0.8,5,-1
Training,/gpfs0/bgu-vilenchi/users/sdolev/Thesis/VLMs/data/fer2013/Training/angry/angry_Training_17384.png,angry,0.8,0,-1
Training,/gpfs0/bgu-vilenchi/users/sdolev/Thesis/VLMs/data/fer2013/Training/sad/sad_Training_17430.png,sad,0.8,4,-1
Training,/gpfs0/bgu-vilenchi/users/sdolev/Thesis/VLMs/data/fer2013/Training/happy/happy_Training_17458.png,happy,0.9,3,-1
Training,/gpfs0/bgu-vilenchi/users/sdolev/Thesis/VLMs/data/fer2013/Training/happy/happy_Training_18041.png,happy,0.9,3,-1
Training,/gpfs0/bgu-vilenchi/users/sdolev/Thesis/VLMs/data/fer2013/Training/sad/sad_Training_18069.png,sad,1.0,4,-1
Training,/gpfs0/bgu-vilenchi/users/sdolev/Thesis/VLMs/data/fer2013/Training/sad/sad_Training_18180.png,sad,0.8,4,-1
Training,/gpfs0/bgu-vilenchi/users/sdolev/Thesis/VLMs/data/fer2013/Training/sad/sad_Training_18266.png,neutral,0.8,6,-1
Training,/gpfs0/bgu-vilenchi/users/sdolev/Thesis/VLMs/data/fer2013/Training/happy/happy_Training_18990.png,happy,1.0,3,-1
Training,/gpfs0/bgu-vilenchi/users/sdolev/Thesis/VLMs/data/fer2013/Training/sad/sad_Training_19358.png,sad,1.0,4,-1
Training,/gpfs0/bgu-vilenchi/users/sdolev/Thesis/VLMs/data/fer2013/Training/angry/angry_Training_19369.png,angry,0.9,0,-1
Training,/gpfs0/bgu-vilenchi/users/sdolev/Thesis/VLMs/data/fer2013/Training/happy/happy_Training_19505.png,neutral,0.8,6,-1
Training,/gpfs0/bgu-vilenchi/users/sdolev/Thesis/VLMs/data/fer2013/Training/neutral/neutral_Training_19527.png,sad,0.8,4,-1
Training,/gpfs0/bgu-vilenchi/users/sdolev/Thesis/VLMs/data/fer2013/Training/happy/happy_Training_20032.png,happy,0.9,3,-1
Training,/gpfs0/bgu-vilenchi/users/sdolev/Thesis/VLMs/data/fer2013/Training/happy/happy_Training_20378.png,happy,1.0,3,-1
Training,/gpfs0/bgu-vilenchi/users/sdolev/Thesis/VLMs/data/fer2013/Training/happy/happy_Training_20430.png,happy,1.0,3,-1
Training,/gpfs0/bgu-vilenchi/users/sdolev/Thesis/VLMs/data/fer2013/Training/happy/happy_Training_20500.png,happy,0.8,3,-1
Training,/gpfs0/bgu-vilenchi/users/sdolev/Thesis/VLMs/data/fer2013/Training/angry/angry_Training_20544.png,angry,0.8,0,-1
Training,/gpfs0/bgu-vilenchi/users/sdolev/Thesis/VLMs/data/fer2013/Training/happy/happy_Training_20654.png,happy,1.0,3,-1
Training,/gpfs0/bgu-vilenchi/users/sdolev/Thesis/VLMs/data/fer2013/Training/fear/fear_Training_20897.png,angry,0.8,0,-1
Training,/gpfs0/bgu-vilenchi/users/sdolev/Thesis/VLMs/data/fer2013/Training/sad/sad_Training_21296.png,sad,0.8,4,7
Training,/gpfs0/bgu-vilenchi/users/sdolev/Thesis/VLMs/data/fer2013/Training/happy/happy_Training_21419.png,happy,1.0,3,-1
Training,/gpfs0/bgu-vilenchi/users/sdolev/Thesis/VLMs/data/fer2013/Training/happy/happy_Training_21671.png,happy,1.0,3,-1
Training,/gpfs0/bgu-vilenchi/users/sdolev/Thesis/VLMs/data/fer2013/Training/happy/happy_Training_21778.png,happy,1.0,3,-1
Training,/gpfs0/bgu-vilenchi/users/sdolev/Thesis/VLMs/data/fer2013/Training/surprise/surprise_Training_21818.png,surprise,1.0,5,-1
Training,/gpfs0/bgu-vilenchi/users/sdolev/Thesis/VLMs/data/fer2013/Training/fear/fear_Training_22069.png,sad,0.8,4,-1
Training,/gpfs0/bgu-vilenchi/users/sdolev/Thesis/VLMs/data/fer2013/Training/angry/angry_Training_22148.png,angry,0.8,0,-1
Training,/gpfs0/bgu-vilenchi/users/sdolev/Thesis/VLMs/data/fer2013/Training/sad/sad_Training_22321.png,sad,0.8,4,-1
Training,/gpfs0/bgu-vilenchi/users/sdolev/Thesis/VLMs/data/fer2013/Training/angry/angry_Training_22697.png,angry,0.8,0,-1
Training,/gpfs0/bgu-vilenchi/users/sdolev/Thesis/VLMs/data/fer2013/Training/sad/sad_Training_22765.png,neutral,0.8,6,-1
Training,/gpfs0/bgu-vilenchi/users/sdolev/Thesis/VLMs/data/fer2013/Training/happy/happy_Training_22777.png,happy,1.0,3,-1
Training,/gpfs0/bgu-vilenchi/users/sdolev/Thesis/VLMs/data/fer2013/Training/angry/angry_Training_23146.png,angry,0.9,0,-1
Training,/gpfs0/bgu-vilenchi/users/sdolev/Thesis/VLMs/data/fer2013/Training/sad/sad_Training_23856.png,sad,0.9,4,-1
Training,/gpfs0/bgu-vilenchi/users/sdolev/Thesis/VLMs/data/fer2013/Training/neutral/neutral_Training_24281.png,neutral,1.0,6,-1
Training,/gpfs0/bgu-vilenchi/users/sdolev/Thesis/VLMs/data/fer2013/Training/sad/sad_Training_24319.png,sad,1.0,4,-1
Training,/gpfs0/bgu-vilenchi/users/sdolev/Thesis/VLMs/data/fer2013/Training/sad/sad_Training_24366.png,sad,0.9,4,-1
Training,/gpfs0/bgu-vilenchi/users/sdolev/Thesis/VLMs/data/fer2013/Training/happy/happy_Training_24393.png,happy,0.9,3,-1
Training,/gpfs0/bgu-vilenchi/users/sdolev/Thesis/VLMs/data/fer2013/Training/sad/sad_Training_24421.png,sad,0.9,4,-1
Training,/gpfs0/bgu-vilenchi/users/sdolev/Thesis/VLMs/data/fer2013/Training/sad/sad_Training_24534.png,sad,0.8,4,-1
Training,/gpfs0/bgu-vilenchi/users/sdolev/Thesis/VLMs/data/fer2013/Training/fear/fear_Training_24905.png,sad,1.0,4,-1
Training,/gpfs0/bgu-vilenchi/users/sdolev/Thesis/VLMs/data/fer2013/Training/sad/sad_Training_25448.png,sad,0.8,4,-1
Training,/gpfs0/bgu-vilenchi/users/sdolev/Thesis/VLMs/data/fer2013/Training/happy/happy_Training_25769.png,happy,0.9,3,-1
Training,/gpfs0/bgu-vilenchi/users/sdolev/Thesis/VLMs/data/fer2013/Training/fear/fear_Training_25840.png,surprise,0.9,5,-1
Training,/gpfs0/bgu-vilenchi/users/sdolev/Thesis/VLMs/data/fer2013/Training/happy/happy_Training_26107.png,happy,1.0,3,-1
Training,/gpfs0/bgu-vilenchi/users/sdolev/Thesis/VLMs/data/fer2013/Training/surprise/surprise_Training_26243.png,surprise,1.0,5,-1
Training,/gpfs0/bgu-vilenchi/users/sdolev/Thesis/VLMs/data/fer2013/Training/angry/angry_Training_26267.png,angry,0.9,0,-1
Training,/gpfs0/bgu-vilenchi/users/sdolev/Thesis/VLMs/data/fer2013/Training/surprise/surprise_Training_26656.png,surprise,0.8,5,-1
Training,/gpfs0/bgu-vilenchi/users/sdolev/Thesis/VLMs/data/fer2013/Training/happy/happy_Training_26671.png,happy,1.0,3,-1
Training,/gpfs0/bgu-vilenchi/users/sdolev/Thesis/VLMs/data/fer2013/Training/angry/angry_Training_26686.png,angry,0.8,0,-1
Training,/gpfs0/bgu-vilenchi/users/sdolev/Thesis/VLMs/data/fer2013/Training/sad/sad_Training_26908.png,sad,0.8,4,-1
Training,/gpfs0/bgu-vilenchi/users/sdolev/Thesis/VLMs/data/fer2013/Training/happy/happy_Training_27271.png,happy,1.0,3,-1
Training,/gpfs0/bgu-vilenchi/users/sdolev/Thesis/VLMs/data/fer2013/Training/surprise/surprise_Training_27356.png,surprise,0.8,5,7
Training,/gpfs0/bgu-vilenchi/users/sdolev/Thesis/VLMs/data/fer2013/Training/angry/angry_Training_27409.png,angry,1.0,0,-1
Training,/gpfs0/bgu-vilenchi/users/sdolev/Thesis/VLMs/data/fer2013/Training/sad/sad_Training_27561.png,neutral,0.8,6,-1
Training,/gpfs0/bgu-vilenchi/users/sdolev/Thesis/VLMs/data/fer2013/Training/happy/happy_Training_27755.png,happy,1.0,3,7
Training,/gpfs0/bgu-vilenchi/users/sdolev/Thesis/VLMs/data/fer2013/Training/surprise/surprise_Training_28010.png,surprise,0.8,5,-1
Training,/gpfs0/bgu-vilenchi/users/sdolev/Thesis/VLMs/data/fer2013/Training/fear/fear_Training_28038.png,surprise,1.0,5,-1
PublicTest,/gpfs0/bgu-vilenchi/users/sdolev/Thesis/VLMs/data/fer2013/PublicTest/neutral/neutral_PublicTest_29009.png,neutral,0.8,6,-1
PublicTest,/gpfs0/bgu-vilenchi/users/sdolev/Thesis/VLMs/data/fer2013/PublicTest/surprise/surprise_PublicTest_29131.png,surprise,0.8,5,-1
PublicTest,/gpfs0/bgu-vilenchi/users/sdolev/Thesis/VLMs/data/fer2013/PublicTest/neutral/neutral_PublicTest_29145.png,neutral,1.0,6,-1
PublicTest,/gpfs0/bgu-vilenchi/users/sdolev/Thesis/VLMs/data/fer2013/PublicTest/surprise/surprise_PublicTest_29164.png,surprise,1.0,5,-1
PublicTest,/gpfs0/bgu-vilenchi/users/sdolev/Thesis/VLMs/data/fer2013/PublicTest/sad/sad_PublicTest_29301.png,neutral,1.0,6,-1
PublicTest,/gpfs0/bgu-vilenchi/users/sdolev/Thesis/VLMs/data/fer2013/PublicTest/happy/happy_PublicTest_29372.png,happy,1.0,3,-1
PublicTest,/gpfs0/bgu-vilenchi/users/sdolev/Thesis/VLMs/data/fer2013/PublicTest/sad/sad_PublicTest_29401.png,sad,0.8,4,-1
PublicTest,/gpfs0/bgu-vilenchi/users/sdolev/Thesis/VLMs/data/fer2013/PublicTest/happy/happy_PublicTest_29469.png,happy,1.0,3,-1
PublicTest,/gpfs0/bgu-vilenchi/users/sdolev/Thesis/VLMs/data/fer2013/PublicTest/sad/sad_PublicTest_29617.png,sad,0.8,4,-1
PublicTest,/gpfs0/bgu-vilenchi/users/sdolev/Thesis/VLMs/data/fer2013/PublicTest/fear/fear_PublicTest_29705.png,neutral,0.8,6,-1
PublicTest,/gpfs0/bgu-vilenchi/users/sdolev/Thesis/VLMs/data/fer2013/PublicTest/sad/sad_PublicTest_29949.png,sad,1.0,4,-1
PublicTest,/gpfs0/bgu-vilenchi/users/sdolev/Thesis/VLMs/data/fer2013/PublicTest/happy/happy_PublicTest_29999.png,happy,1.0,3,-1
PublicTest,/gpfs0/bgu-vilenchi/users/sdolev/Thesis/VLMs/data/fer2013/PublicTest/happy/happy_PublicTest_30033.png,happy,1.0,3,-1
PublicTest,/gpfs0/bgu-vilenchi/users/sdolev/Thesis/VLMs/data/fer2013/PublicTest/neutral/neutral_PublicTest_30041.png,neutral,0.9,6,-1
PublicTest,/gpfs0/bgu-vilenchi/users/sdolev/Thesis/VLMs/data/fer2013/PublicTest/sad/sad_PublicTest_30094.png,sad,0.8,4,-1
PublicTest,/gpfs0/bgu-vilenchi/users/sdolev/Thesis/VLMs/data/fer2013/PublicTest/sad/sad_PublicTest_30183.png,neutral,0.9,6,-1
PublicTest,/gpfs0/bgu-vilenchi/users/sdolev/Thesis/VLMs/data/fer2013/PublicTest/neutral/neutral_PublicTest_30220.png,neutral,0.9,6,-1
PublicTest,/gpfs0/bgu-vilenchi/users/sdolev/Thesis/VLMs/data/fer2013/PublicTest/happy/happy_PublicTest_30263.png,happy,1.0,3,-1
PublicTest,/gpfs0/bgu-vilenchi/users/sdolev/Thesis/VLMs/data/fer2013/PublicTest/surprise/surprise_PublicTest_30368.png,surprise,0.9,5,-1
PublicTest,/gpfs0/bgu-vilenchi/users/sdolev/Thesis/VLMs/data/fer2013/PublicTest/sad/sad_PublicTest_30462.png,sad,1.0,4,-1
PublicTest,/gpfs0/bgu-vilenchi/users/sdolev/Thesis/VLMs/data/fer2013/PublicTest/sad/sad_PublicTest_30552.png,neutral,0.8,6,-1
PublicTest,/gpfs0/bgu-vilenchi/users/sdolev/Thesis/VLMs/data/fer2013/PublicTest/surprise/surprise_PublicTest_30590.png,surprise,0.9,5,-1
PublicTest,/gpfs0/bgu-vilenchi/users/sdolev/Thesis/VLMs/data/fer2013/PublicTest/sad/sad_PublicTest_30611.png,neutral,0.9,6,-1
PublicTest,/gpfs0/bgu-vilenchi/users/sdolev/Thesis/VLMs/data/fer2013/PublicTest/sad/sad_PublicTest_30634.png,neutral,0.9,6,-1
PublicTest,/gpfs0/bgu-vilenchi/users/sdolev/Thesis/VLMs/data/fer2013/PublicTest/neutral/neutral_PublicTest_30765.png,neutral,0.9,6,-1
PublicTest,/gpfs0/bgu-vilenchi/users/sdolev/Thesis/VLMs/data/fer2013/PublicTest/sad/sad_PublicTest_30969.png,neutral,0.8,6,-1
PublicTest,/gpfs0/bgu-vilenchi/users/sdolev/Thesis/VLMs/data/fer2013/PublicTest/neutral/neutral_PublicTest_30990.png,neutral,0.9,6,-1
PublicTest,/gpfs0/bgu-vilenchi/users/sdolev/Thesis/VLMs/data/fer2013/PublicTest/happy/happy_PublicTest_31200.png,surprise,0.8,5,-1
PublicTest,/gpfs0/bgu-vilenchi/users/sdolev/Thesis/VLMs/data/fer2013/PublicTest/sad/sad_PublicTest_31218.png,sad,1.0,4,7
PublicTest,/gpfs0/bgu-vilenchi/users/sdolev/Thesis/VLMs/data/fer2013/PublicTest/angry/angry_PublicTest_31505.png,angry,0.8,0,-1
PublicTest,/gpfs0/bgu-vilenchi/users/sdolev/Thesis/VLMs/data/fer2013/PublicTest/happy/happy_PublicTest_31636.png,happy,1.0,3,-1
PublicTest,/gpfs0/bgu-vilenchi/users/sdolev/Thesis/VLMs/data/fer2013/PublicTest/happy/happy_PublicTest_31696.png,happy,1.0,3,-1
PublicTest,/gpfs0/bgu-vilenchi/users/sdolev/Thesis/VLMs/data/fer2013/PublicTest/sad/sad_PublicTest_31788.png,neutral,0.9,6,-1
PublicTest,/gpfs0/bgu-vilenchi/users/sdolev/Thesis/VLMs/data/fer2013/PublicTest/neutral/neutral_PublicTest_31994.png,neutral,0.9,6,-1
PublicTest,/gpfs0/bgu-vilenchi/users/sdolev/Thesis/VLMs/data/fer2013/PublicTest/happy/happy_PublicTest_32107.png,happy,1.0,3,-1
PrivateTest,/gpfs0/bgu-vilenchi/users/sdolev/Thesis/VLMs/data/fer2013/PrivateTest/fear/fear_PrivateTest_32649.png,surprise,0.8,5,-1
PrivateTest,/gpfs0/bgu-vilenchi/users/sdolev/Thesis/VLMs/data/fer2013/PrivateTest/happy/happy_PrivateTest_32834.png,happy,1.0,3,-1
PrivateTest,/gpfs0/bgu-vilenchi/users/sdolev/Thesis/VLMs/data/fer2013/PrivateTest/fear/fear_PrivateTest_32877.png,sad,0.8,4,-1
PrivateTest,/gpfs0/bgu-vilenchi/users/sdolev/Thesis/VLMs/data/fer2013/PrivateTest/happy/happy_PrivateTest_33799.png,happy,1.0,3,-1
PrivateTest,/gpfs0/bgu-vilenchi/users/sdolev/Thesis/VLMs/data/fer2013/PrivateTest/sad/sad_PrivateTest_33975.png,neutral,0.9,6,-1
PrivateTest,/gpfs0/bgu-vilenchi/users/sdolev/Thesis/VLMs/data/fer2013/PrivateTest/neutral/neutral_PrivateTest_34062.png,neutral,0.9,6,-1
PrivateTest,/gpfs0/bgu-vilenchi/users/sdolev/Thesis/VLMs/data/fer2013/PrivateTest/sad/sad_PrivateTest_34246.png,neutral,0.9,6,-1
PrivateTest,/gpfs0/bgu-vilenchi/users/sdolev/Thesis/VLMs/data/fer2013/PrivateTest/sad/sad_PrivateTest_34495.png,surprise,0.8,5,-1
PrivateTest,/gpfs0/bgu-vilenchi/users/sdolev/Thesis/VLMs/data/fer2013/PrivateTest/surprise/surprise_PrivateTest_34496.png,surprise,0.8,5,-1
PrivateTest,/gpfs0/bgu-vilenchi/users/sdolev/Thesis/VLMs/data/fer2013/PrivateTest/sad/sad_PrivateTest_34823.png,sad,0.9,4,-1
PrivateTest,/gpfs0/bgu-vilenchi/users/sdolev/Thesis/VLMs/data/fer2013/PrivateTest/sad/sad_PrivateTest_35271.png,neutral,0.8,6,-1
PrivateTest,/gpfs0/bgu-vilenchi/users/sdolev/Thesis/VLMs/data/fer2013/PrivateTest/sad/sad_PrivateTest_35599.png,sad,1.0,4,-1
PrivateTest,/gpfs0/bgu-vilenchi/users/sdolev/Thesis/VLMs/data/fer2013/PrivateTest/angry/angry_PrivateTest_35751.png,angry,0.8,0,-1
PrivateTest,/gpfs0/bgu-vilenchi/users/sdolev/Thesis/VLMs/data/fer2013/PrivateTest/neutral/neutral_PrivateTest_35761.png,neutral,0.9,6,-1
